{"cameraMode":{"drawMode":0,"name":"Shaded","section":"Shading Mode"},"sceneLighting":true,"audioPlay":false,"sceneViewState":{"m_AlwaysRefresh":false,"showFog":true,"showSkybox":true,"showFlares":true,"showImageEffects":true,"showParticleSystems":true,"showVisualEffectGraphs":true,"m_FxEnabled":true},"in2DMode":false,"pivot":{"x":301.43255615234377,"y":147.8112335205078,"z":250.07325744628907},"rotation":{"x":0.027260029688477517,"y":0.06890594959259033,"z":0.10407714545726776,"w":0.997878909111023},"size":226.274169921875,"orthographic":true}